SERIES_NAME,STUDY_NAME,AGAMIC_DICT_LIST_SEED,TAXONOMY_CATEGORIES,ALIASES,SYNONYMS,HISTORICAL_PLACES_OR_TEMPLES,DYNASTIES_OR_EPOCH,DOC_REF,STATIC_EXPLANATIONS
Majors Iconography,Ganesa: Variations in Iconography,Asina (Āsīna); Lalitasana (Lalitāsana); Sukhasana (Sukhāsana); Ardhaparyankasana (Ardhaparyaṅkāsana); Bhadrasana (Bhadrāsana); Trishunda (Triśuṇḍa),Divinity; Form; Iconographic Element; Place / Temple; Period / Dynasty; Source / Reference,Ganesa; Gaṇeśa; Ganapati; Vinayaka; Pillayar; Elephant God; GaQeSa; Seated; Sitting; Āsīna; ÄsTna; äsrna; Mushika; Mūṣika; Mouse,Lord of Beginnings; Royal Ease Stance; Three-Trunked; Comfortable Posture; Auspicious Seat; Elephant Mount; Peacock Mount; Ananda Tandava,"Adi Vinayaka Temple, Thilatharpanapuri (Thilatharpanapuri); Trishund Mayureshwar Ganapati, Pune (Pune); Garh Ganesh Temple, Jaipur (Jaipur); Brihadisvara Temple, Thanjavur (Thanjavur)",Chola (9th - 13th Century CE); Pallava (6th - 9th Century CE); Pandya (7th - 14th Century CE); Vijayanagara (14th - 17th Century CE); Nayaka (16th - 18th Century CE),Mānasāra Śilpa Śāstra; Śilparatna of Śrīkumāra; Kāraṇāgama; Mayamata,"Active monograph with 4 visual carousel plates. Postural/Compositional, Anatomical, and Regional Distinctive Forms"
Panchaloha Primer,Full Monograph Series: Panchaloha Primer,Asina; Lalitasana,Divinity; Form; Iconographic Element; Place / Temple; Period / Dynasty; Source / Reference,Ganesh; Mooshika; Lalitasana; Nataraja,Sacred Bronze Study; Iconometric Proportion,"Brihadisvara Temple, Thanjavur",Chola (9th-13th C CE); Pallava,Mānasāra Śilpa Śāstra; Śilparatna of Śrīkumāra; Kāraṇāgama; Mayamata,Editorial series taxonomy shell for Panchaloha Primer. Preserves carousel visual studies.
Dictionary of Iconography,Full Monograph Series: Dictionary of Iconography,Asina (Āsīna); Lalitasana (Lalitāsana); Sukhasana (Sukhāsana); Ardhaparyankasana (Ardhaparyaṅkāsana); Bhadrasana (Bhadrāsana); Trishunda (Triśuṇḍa),Divinity; Form; Iconographic Element; Place / Temple; Period / Dynasty; Source / Reference,Ganesh; Mooshika; Lalitasana; Nataraja,Sacred Bronze Study; Iconometric Proportion,"Brihadisvara Temple, Thanjavur",Chola (9th-13th C CE); Pallava,Mānasāra Śilpa Śāstra; Śilparatna of Śrīkumāra; Kāraṇāgama; Mayamata,Editorial series taxonomy shell for Dictionary of Iconography. Preserves carousel visual studies.
Tala,Full Monograph Series: Tala,Asina; Lalitasana,Divinity; Form; Iconographic Element; Place / Temple; Period / Dynasty; Source / Reference,Ganesh; Mooshika; Lalitasana; Nataraja,Sacred Bronze Study; Iconometric Proportion,"Brihadisvara Temple, Thanjavur",Chola (9th-13th C CE); Pallava,Mānasāra Śilpa Śāstra; Śilparatna of Śrīkumāra; Kāraṇāgama; Mayamata,Editorial series taxonomy shell for Tala. Preserves carousel visual studies.
BronzeCast,Full Monograph Series: BronzeCast,Asina; Lalitasana,Divinity; Form; Iconographic Element; Place / Temple; Period / Dynasty; Source / Reference,Ganesh; Mooshika; Lalitasana; Nataraja,Sacred Bronze Study; Iconometric Proportion,"Brihadisvara Temple, Thanjavur",Chola (9th-13th C CE); Pallava,Mānasāra Śilpa Śāstra; Śilparatna of Śrīkumāra; Kāraṇāgama; Mayamata,Editorial series taxonomy shell for BronzeCast. Preserves carousel visual studies.
Mythics,Full Monograph Series: Mythics,Asina; Lalitasana,Divinity; Form; Iconographic Element; Place / Temple; Period / Dynasty; Source / Reference,Ganesh; Mooshika; Lalitasana; Nataraja,Sacred Bronze Study; Iconometric Proportion,"Brihadisvara Temple, Thanjavur",Chola (9th-13th C CE); Pallava,Mānasāra Śilpa Śāstra; Śilparatna of Śrīkumāra; Kāraṇāgama; Mayamata,Editorial series taxonomy shell for Mythics. Preserves carousel visual studies.
108 Tandava,Full Monograph Series: 108 Tandava,Asina; Lalitasana,Divinity; Form; Iconographic Element; Place / Temple; Period / Dynasty; Source / Reference,Ganesh; Mooshika; Lalitasana; Nataraja,Sacred Bronze Study; Iconometric Proportion,"Brihadisvara Temple, Thanjavur",Chola (9th-13th C CE); Pallava,Mānasāra Śilpa Śāstra; Śilparatna of Śrīkumāra; Kāraṇāgama; Mayamata,Editorial series taxonomy shell for 108 Tandava. Preserves carousel visual studies.
Ayudha,Full Monograph Series: Ayudha,Asina; Lalitasana,Divinity; Form; Iconographic Element; Place / Temple; Period / Dynasty; Source / Reference,Ganesh; Mooshika; Lalitasana; Nataraja,Sacred Bronze Study; Iconometric Proportion,"Brihadisvara Temple, Thanjavur",Chola (9th-13th C CE); Pallava,Mānasāra Śilpa Śāstra; Śilparatna of Śrīkumāra; Kāraṇāgama; Mayamata,Editorial series taxonomy shell for Ayudha. Preserves carousel visual studies.
Roopam,Full Monograph Series: Roopam,Asina; Lalitasana,Divinity; Form; Iconographic Element; Place / Temple; Period / Dynasty; Source / Reference,Ganesh; Mooshika; Lalitasana; Nataraja,Sacred Bronze Study; Iconometric Proportion,"Brihadisvara Temple, Thanjavur",Chola (9th-13th C CE); Pallava,Mānasāra Śilpa Śāstra; Śilparatna of Śrīkumāra; Kāraṇāgama; Mayamata,Editorial series taxonomy shell for Roopam. Preserves carousel visual studies.
God is in the Details,Full Monograph Series: God is in the Details,Asina; Lalitasana,Divinity; Form; Iconographic Element; Place / Temple; Period / Dynasty; Source / Reference,Ganesh; Mooshika; Lalitasana; Nataraja,Sacred Bronze Study; Iconometric Proportion,"Brihadisvara Temple, Thanjavur",Chola (9th-13th C CE); Pallava,Mānasāra Śilpa Śāstra; Śilparatna of Śrīkumāra; Kāraṇāgama; Mayamata,Editorial series taxonomy shell for God is in the Details. Preserves carousel visual studies.
5MM Iconography Quiz,Full Monograph Series: 5MM Iconography Quiz,Asina; Lalitasana,Divinity; Form; Iconographic Element; Place / Temple; Period / Dynasty; Source / Reference,Ganesh; Mooshika; Lalitasana; Nataraja,Sacred Bronze Study; Iconometric Proportion,"Brihadisvara Temple, Thanjavur",Chola (9th-13th C CE); Pallava,Mānasāra Śilpa Śāstra; Śilparatna of Śrīkumāra; Kāraṇāgama; Mayamata,Editorial series taxonomy shell for 5MM Iconography Quiz. Preserves carousel visual studies.
Mudra,Full Monograph Series: Mudra,Asina; Lalitasana,Divinity; Form; Iconographic Element; Place / Temple; Period / Dynasty; Source / Reference,Ganesh; Mooshika; Lalitasana; Nataraja,Sacred Bronze Study; Iconometric Proportion,"Brihadisvara Temple, Thanjavur",Chola (9th-13th C CE); Pallava,Mānasāra Śilpa Śāstra; Śilparatna of Śrīkumāra; Kāraṇāgama; Mayamata,Editorial series taxonomy shell for Mudra. Preserves carousel visual studies.
108 Divya Desams,Full Monograph Series: 108 Divya Desams,Asina; Lalitasana,Divinity; Form; Iconographic Element; Place / Temple; Period / Dynasty; Source / Reference,Ganesh; Mooshika; Lalitasana; Nataraja,Sacred Bronze Study; Iconometric Proportion,"Brihadisvara Temple, Thanjavur",Chola (9th-13th C CE); Pallava,Mānasāra Śilpa Śāstra; Śilparatna of Śrīkumāra; Kāraṇāgama; Mayamata,Editorial series taxonomy shell for 108 Divya Desams. Preserves carousel visual studies.
Abharana,Full Monograph Series: Abharana,Asina; Lalitasana,Divinity; Form; Iconographic Element; Place / Temple; Period / Dynasty; Source / Reference,Ganesh; Mooshika; Lalitasana; Nataraja,Sacred Bronze Study; Iconometric Proportion,"Brihadisvara Temple, Thanjavur",Chola (9th-13th C CE); Pallava,Mānasāra Śilpa Śāstra; Śilparatna of Śrīkumāra; Kāraṇāgama; Mayamata,Editorial series taxonomy shell for Abharana. Preserves carousel visual studies.
Temple Iconography,Full Monograph Series: Temple Iconography,Asina; Lalitasana,Divinity; Form; Iconographic Element; Place / Temple; Period / Dynasty; Source / Reference,Ganesh; Mooshika; Lalitasana; Nataraja,Sacred Bronze Study; Iconometric Proportion,"Brihadisvara Temple, Thanjavur",Chola (9th-13th C CE); Pallava,Mānasāra Śilpa Śāstra; Śilparatna of Śrīkumāra; Kāraṇāgama; Mayamata,Editorial series taxonomy shell for Temple Iconography. Preserves carousel visual studies.
Iconography Shelf,Full Monograph Series: Iconography Shelf,Asina; Lalitasana,Divinity; Form; Iconographic Element; Place / Temple; Period / Dynasty; Source / Reference,Ganesh; Mooshika; Lalitasana; Nataraja,Sacred Bronze Study; Iconometric Proportion,"Brihadisvara Temple, Thanjavur",Chola (9th-13th C CE); Pallava,Mānasāra Śilpa Śāstra; Śilparatna of Śrīkumāra; Kāraṇāgama; Mayamata,Editorial series taxonomy shell for Iconography Shelf. Preserves carousel visual studies.
Padimam,Full Monograph Series: Padimam,Asina; Lalitasana,Divinity; Form; Iconographic Element; Place / Temple; Period / Dynasty; Source / Reference,Ganesh; Mooshika; Lalitasana; Nataraja,Sacred Bronze Study; Iconometric Proportion,"Brihadisvara Temple, Thanjavur",Chola (9th-13th C CE); Pallava,Mānasāra Śilpa Śāstra; Śilparatna of Śrīkumāra; Kāraṇāgama; Mayamata,Editorial series taxonomy shell for Padimam. Preserves carousel visual studies.
Vahana,Full Monograph Series: Vahana,Asina; Lalitasana,Divinity; Form; Iconographic Element; Place / Temple; Period / Dynasty; Source / Reference,Ganesh; Mooshika; Lalitasana; Nataraja,Sacred Bronze Study; Iconometric Proportion,"Brihadisvara Temple, Thanjavur",Chola (9th-13th C CE); Pallava,Mānasāra Śilpa Śāstra; Śilparatna of Śrīkumāra; Kāraṇāgama; Mayamata,Editorial series taxonomy shell for Vahana. Preserves carousel visual studies.
Asana,Full Monograph Series: Asana,Asina; Lalitasana,Divinity; Form; Iconographic Element; Place / Temple; Period / Dynasty; Source / Reference,Ganesh; Mooshika; Lalitasana; Nataraja,Sacred Bronze Study; Iconometric Proportion,"Brihadisvara Temple, Thanjavur",Chola (9th-13th C CE); Pallava,Mānasāra Śilpa Śāstra; Śilparatna of Śrīkumāra; Kāraṇāgama; Mayamata,Editorial series taxonomy shell for Asana. Preserves carousel visual studies.
